Workbook

Sheet 使用说明
A1: 教培极简考勤 · 薪酬模板
A3: 用法（照着做，零代码）：
A4: 1. 【考勤明细】每行记一名学员的一节课：日期 / 课次 / 授课老师 / 学员姓名 / 状态（出勤 / 缺勤 / 请假）。F、G 两列自动算，无需手填。
A5: 2. 【教练设置】在【老师薪酬】表每位老师一行，B 列选“教练类型”：兼职 / 全职 / 一对一。
A6: 3. 【课次薪酬】每节课一行：A 列填课次名称（与考勤明细一致），本节课薪酬按老师类型自动算；一对一在 E 列填每节课售价。
A7: 4. 【统计看板】自动算：当次/当天/当月人数、每位学员上课数、每位老师的人次与课数。
A8: 5. 【老师薪酬】按老师汇总所有课的薪酬，自动得出当月薪酬。
A10: 三种薪酬模式（按“教练类型”自动切换）：
A11: · 兼职教练：每节课出勤 < 15 人 → 80 元；≥ 15 人 → 120 元（按节计）。
A12: · 全职教练：本节课出勤人数 × 5 元（按人计）。
A13: · 一对一：每节课售价 × 40%（按节计，每节课一名学生；售价填在【课次薪酬】E 列“课次售价”）。
A14: （老师薪酬 = SUMIFS(课次薪酬!本节课薪酬, 课次薪酬!授课老师, 该老师)，自动汇总所有课。）
... A23: 注意：一对一售价每次可能不同，请按实际每节课填在【课次薪酬】E 列，不要填在【老师薪酬】里。

Sheet 考勤明细
A1: 日期 | B1: 课次 | C1: 授课老师 | D1: 学员姓名 | E1: 状态 | F1: _课次老师键 | G1: _是否课次首条
A2: 46246 | B2: 8/12上午·篮球初级 | C2: 张三 | D2: 李小明 | E2: 出勤 | F2: =C2&"|"&B2 | G2: =IF(COUNTIFS($C$2:C2,C2,$B$2:B2,B2)=1,1,0)
A3: 46246 | B3: 8/12上午·篮球初级 | C3: 张三 | D3: 王小红 | E3: 出勤 | F3: =C3&"|"&B3 | G3: =IF(COUNTIFS($C$2:C3,C3,$B$2:B3,B3)=1,1,0)
A4: 46246 | B4: 8/12上午·篮球初级 | C4: 张三 | D4: 陈大壮 | E4: 请假 | F4: =C4&"|"&B4 | G4: =IF(COUNTIFS($C$2:C4,C4,$B$2:B4,B4)=1,1,0)
A5: 46246 | B5: 8/12下午·游泳启蒙 | C5: 李四 | D5: 赵小丽 | E5: 出勤 | F5: =C5&"|"&B5 | G5: =IF(COUNTIFS($C$2:C5,C5,$B$2:B5,B5)=1,1,0)
A6: 46246 | B6: 8/12下午·游泳启蒙 | C6: 李四 | D6: 孙小美 | E6: 出勤 | F6: =C6&"|"&B6 | G6: =IF(COUNTIFS($C$2:C6,C6,$B$2:B6,B6)=1,1,0)
A7: 46247 | B7: 8/13上午·篮球初级 | C7: 张三 | D7: 李小明 | E7: 出勤 | F7: =C7&"|"&B7 | G7: =IF(COUNTIFS($C$2:C7,C7,$B$2:B7,B7)=1,1,0)
A8: 46247 | B8: 8/13上午·篮球初级 | C8: 张三 | D8: 王小红 | E8: 缺勤 | F8: =C8&"|"&B8 | G8: =IF(COUNTIFS($C$2:C8,C8,$B$2:B8,B8)=1,1,0)
A10: （F、G 列为自动计算的辅助列，无需手动填写）

Sheet 老师薪酬
A1: 老师薪酬（自动换算）
A2: 每位授课老师一行。B 列填 教练类型：兼职 / 全职 / 一对一（下拉选择）。一对一的每节课售价填在【课次薪酬】表“课次售价”列。当月薪酬按三种模式自动汇总。
A3: 授课老师 | B3: 教练类型 | C3: 课数(去重) | D3: 出勤人次 | E3: 当月薪酬(元)
A4: 张三 | B4: 兼职 | C4: =SUMIFS(考勤明细!$G$2:$G$2000,考勤明细!$C$2:$C$2000,A4) | D4: =COUNTIFS(考勤明细!$C$2:$C$2000,A4,考勤明细!$E$2:$E$2000,"出勤") | E4: =SUMIFS(课次薪酬!$F$5:$F$2000,课次薪酬!$B$5:$B$2000,A4)
A5: 李四 | B5: 全职 | C5: =SUMIFS(考勤明细!$G$2:$G$2000,考勤明细!$C$2:$C$2000,A5) | D5: =COUNTIFS(考勤明细!$C$2:$C$2000,A5,考勤明细!$E$2:$E$2000,"出勤") | E5: =SUMIFS(课次薪酬!$F$5:$F$2000,课次薪酬!$B$5:$B$2000,A5)

Sheet 课次薪酬
A1: 课次薪酬统计（按课次自动算教练薪酬）
A2: 每节课一行：A 列填课次名称（须与【考勤明细】课次完全一致）；B/C/D 自动算；E 列仅“一对一”课填每节课售价；F 自动算本节课薪酬。
A4: 课次 | B4: 授课老师 | C4: 出勤人数 | D4: 教练类型 | E4: 课次售价(一对一) | F4: 本节课薪酬(元)
A5: 8/12上午·篮球初级 | B5: =IF($A5="","",IFERROR(INDEX(考勤明细!$C$2:$C$2000,MATCH($A5,考勤明细!$B$2:$B$2000,0)),"")) | C5: =IF($A5="","",COUNTIFS(考勤明细!$B$2:$B$2000,$A5,考勤明细!$E$2:$E$2000,"出勤")) | D5: =IF($A5="","",IFERROR(INDEX(老师薪酬!$B$4:$B$2000,MATCH($B5,老师薪酬!$A$4:$A$2000,0)),"")) | F5: =IF($A5="","",IF($D5="兼职",IF($C5<15,80,120),IF($D5="全职",$C5*5,IF($D5="一对一",$E5*0.4,0))))
A6: 8/12下午·游泳启蒙 | B6: =IF($A6="","",IFERROR(INDEX(考勤明细!$C$2:$C$2000,MATCH($A6,考勤明细!$B$2:$B$2000,0)),"")) | C6: =IF($A6="","",COUNTIFS(考勤明细!$B$2:$B$2000,$A6,考勤明细!$E$2:$E$2000,"出勤")) | D6: =IF($A6="","",IFERROR(INDEX(老师薪酬!$B$4:$B$2000,MATCH($B6,老师薪酬!$A$4:$A$2000,0)),"")) | F6: =IF($A6="","",IF($D6="兼职",IF($C6<15,80,120),IF($D6="全职",$C6*5,IF($D6="一对一",$E6*0.4,0))))
A7: 8/13上午·篮球初级 | B7: =IF($A7="","",IFERROR(INDEX(考勤明细!$C$2:$C$2000,MATCH($A7,考勤明细!$B$2:$B$2000,0)),"")) | C7: =IF($A7="","",COUNTIFS(考勤明细!$B$2:$B$2000,$A7,考勤明细!$E$2:$E$2000,"出勤")) | D7: =IF($A7="","",IFERROR(INDEX(老师薪酬!$B$4:$B$2000,MATCH($B7,老师薪酬!$A$4:$A$2000,0)),"")) | F7: =IF($A7="","",IF($D7="兼职",IF($C7<15,80,120),IF($D7="全职",$C7*5,IF($D7="一对一",$E7*0.4,0))))

Sheet 统计看板
A1: 统计看板（自动）
A3: 统计年月 | B3: 2026-08
A5: 当月出勤总人次 | B5: =COUNTIFS(考勤明细!$A$2:$A$2000,">="&DATE(LEFT($B$3,4),RIGHT($B$3,2),1),考勤明细!$A$2:$A$2000,"<="&EOMONTH(DATE(LEFT($B$3,4),RIGHT($B$3,2),1),0),考勤明细!$E$2:$E$2000,"出勤")
A6: 当月出勤课次总数 | B6: =SUMIFS(考勤明细!$G$2:$G$2000,考勤明细!$A$2:$A$2000,">="&DATE(LEFT($B$3,4),RIGHT($B$3,2),1),考勤明细!$A$2:$A$2000,"<="&EOMONTH(DATE(LEFT($B$3,4),RIGHT($B$3,2),1),0))
A8: 按课次统计
A9: 课次 | B9: 出勤人数
A10: 8/12上午·篮球初级 | B10: =COUNTIFS(考勤明细!$B$2:$B$2000,A10,考勤明细!$E$2:$E$2000,"出勤")
A11: 8/12下午·游泳启蒙 | B11: =COUNTIFS(考勤明细!$B$2:$B$2000,A11,考勤明细!$E$2:$E$2000,"出勤")
A12: 8/13上午·篮球初级 | B12: =COUNTIFS(考勤明细!$B$2:$B$2000,A12,考勤明细!$E$2:$E$2000,"出勤")
A14: 按学员统计
A15: 学员姓名 | B15: 上课次数
A16: 李小明 | B16: =COUNTIFS(考勤明细!$D$2:$D$2000,A16,考勤明细!$E$2:$E$2000,"出勤")
A17: 王小红 | B17: =COUNTIFS(考勤明细!$D$2:$D$2000,A17,考勤明细!$E$2:$E$2000,"出勤")
A18: 陈大壮 | B18: =COUNTIFS(考勤明细!$D$2:$D$2000,A18,考勤明细!$E$2:$E$2000,"出勤")
A19: 赵小丽 | B19: =COUNTIFS(考勤明细!$D$2:$D$2000,A19,考勤明细!$E$2:$E$2000,"出勤")
A20: 孙小美 | B20: =COUNTIFS(考勤明细!$D$2:$D$2000,A20,考勤明细!$E$2:$E$2000,"出勤")
A22: 按老师统计
A23: 授课老师 | B23: 出勤人次 | C23: 课数(去重)
A24: 张三 | B24: =COUNTIFS(考勤明细!$C$2:$C$2000,A24,考勤明细!$E$2:$E$2000,"出勤") | C24: =SUMIFS(考勤明细!$G$2:$G$2000,考勤明细!$C$2:$C$2000,A24)
A25: 李四 | B25: =COUNTIFS(考勤明细!$C$2:$C$2000,A25,考勤明细!$E$2:$E$2000,"出勤") | C25: =SUMIFS(考勤明细!$G$2:$G$2000,考勤明细!$C$2:$C$2000,A25)
A27: 课次 / 学员 / 老师列表可按需往下加行，公式已写好自动生效。
